{
    "xceptionnet": {
        "accuracy": 0.8932857142857142,
        "precision": 0.9313694766530868,
        "recall": 0.8491428571428571,
        "f1_score": 0.888357495142729,
        "auc_roc": 0.9497309387755102
    },
    "efficientnet": {
        "accuracy": 0.8615714285714285,
        "precision": 0.8346998148637926,
        "recall": 0.9017142857142857,
        "f1_score": 0.8669138854552946,
        "auc_roc": 0.9451048571428572
    },
    "vit": {
        "accuracy": 0.8582857142857143,
        "precision": 0.8701298701298701,
        "recall": 0.8422857142857143,
        "f1_score": 0.8559814169570267,
        "auc_roc": 0.9324389387755102
    },
    "ensemble": {
        "accuracy": 0.9138571428571428,
        "precision": 0.9556464296948726,
        "recall": 0.868,
        "f1_score": 0.909717023506513,
        "auc_roc": 0.9562078775510205
    }
}